id,age,country,mhps,d1,d2,d3,d4,s1,s2,s3
1,41,SG,2,1,1,2,1,4,4,4
2,25,US,1,2,3,2,3,5,5,5
3,45,MY,0,2,2,2,3,4,4,4
4,22,UK,0,4,3,3,5,6,6,6
5,42,AU,2,2,3,3,3,4,4,4
6,37,UK,-1,3,4,3,4,6,6,6
7,21,SG,-2,4,4,5,6,6,6,6
8,43,AU,1,1,1,1,1,3,3,3
9,54,UK,-1,5,4,4,6,7,7,7
10,47,UK,2,1,1,2,2,3,3,3
11,26,US,0,4,3,4,5,6,6,6
12,30,AU,0,3,3,3,4,5,5,5
13,21,US,2,2,2,2,2,4,4,4
14,40,MY,-1,3,4,3,5,5,5,5
15,23,UK,-1,5,4,4,6,6,6,6
16,34,UK,-1,5,4,4,6,7,7,7
17,22,US,-1,4,3,3,5,6,6,6
18,26,MY,2,1,2,1,2,4,4,4
19,38,MY,-1,4,4,4,6,7,7,7
20,37,UK,1,2,3,3,4,5,5,5
21,31,US,2,2,1,1,2,4,4,4
22,23,US,-1,4,4,4,5,6,6,6
23,56,US,-1,5,5,4,7,7,7,7
24,56,AU,-2,5,5,5,7,7,7,7
25,33,UK,0,3,4,3,5,6,6,6
26,27,AU,1,1,1,1,2,3,3,3
27,44,AU,0,4,3,3,5,6,6,6
28,37,MY,-1,5,5,5,7,7,7,7
29,24,MY,-1,4,4,4,5,6,6,6
30,52,UK,2,3,2,2,3,4,4,4
31,48,SG,-2,4,4,4,6,7,7,7
32,22,SG,-1,3,3,3,4,5,5,5
33,19,SG,-1,4,4,4,6,6,6,6
34,25,SG,-1,3,3,3,4,5,5,5
35,31,SG,2,1,1,1,2,4,4,4
36,50,UK,1,2,3,3,3,5,5,5
37,35,MY,1,2,3,3,4,5,5,5
38,35,US,2,2,2,1,2,4,4,4
39,31,UK,-2,5,5,5,7,7,7,7
40,18,US,0,2,2,2,3,5,5,5
41,22,SG,-2,4,4,4,5,7,7,7
42,21,US,1,1,1,1,1,3,3,3
43,56,SG,0,3,3,3,4,6,6,6
44,49,UK,0,2,3,2,3,4,4,4
45,19,US,1,1,1,1,2,3,3,3
46,30,AU,2,2,1,2,2,4,4,4
47,38,MY,-1,3,3,4,5,6,6,6
48,57,US,2,2,2,2,2,4,4,4
49,19,US,0,3,3,3,4,5,5,5
50,45,MY,-2,5,4,5,7,7,7,7
51,28,UK,0,2,2,2,3,4,4,4
52,27,UK,-2,4,4,4,5,6,6,6
53,42,SG,1,2,1,2,3,4,4,4
54,56,UK,-2,4,4,4,6,6,6,6
55,46,SG,0,2,2,2,3,4,4,4
56,37,US,1,2,2,2,4,5,5,5
57,43,US,-1,3,3,3,4,6,6,6
58,42,UK,1,2,2,1,2,4,4,4
59,33,UK,1,4,3,4,4,6,6,6
60,53,AU,-1,3,3,3,5,5,5,5
61,33,MY,1,3,3,3,4,6,6,6
62,37,US,2,1,1,1,1,3,3,3
63,24,SG,1,2,3,3,4,5,5,5
64,52,US,-1,3,3,3,4,5,5,5
65,48,SG,2,2,1,1,2,3,3,3
66,37,AU,-1,4,4,4,6,7,7,7
67,53,US,1,3,3,3,3,5,5,5
68,52,MY,1,4,3,3,5,6,6,6
69,36,MY,-1,3,3,3,5,6,6,6
70,49,US,1,2,3,3,3,4,4,4
71,50,AU,-2,5,4,4,6,6,6,6
72,30,US,-2,4,4,4,5,6,6,6
73,53,SG,-1,5,5,5,6,7,7,7
74,41,MY,2,2,1,1,2,4,4,4
75,33,AU,-2,4,4,4,6,6,6,6
76,30,SG,2,2,1,2,2,4,4,4
77,55,US,0,3,3,4,5,6,6,6
78,29,UK,-1,3,4,4,5,6,6,6
79,48,AU,-2,4,5,5,6,7,7,7
80,26,MY,-1,4,4,4,5,7,7,7
81,55,AU,1,3,3,3,4,5,5,5
82,27,US,-1,5,4,4,6,6,6,6
83,33,MY,2,1,1,2,2,4,4,4
84,50,UK,-1,3,3,3,4,5,5,5
85,39,UK,-2,4,5,4,7,7,7,7
86,48,SG,1,3,4,4,5,6,6,6
87,23,AU,-2,5,4,5,6,7,7,7
88,21,US,1,3,3,3,5,5,5,5
89,45,MY,2,2,1,1,1,3,3,3
90,36,MY,1,2,2,2,3,5,5,5
91,28,AU,1,3,4,3,4,5,5,5
92,32,SG,0,2,2,2,4,4,4,4
93,52,US,2,1,1,1,1,3,3,3
94,43,AU,1,1,1,1,2,3,3,3
95,49,SG,0,4,4,3,5,6,6,6
96,24,US,1,3,3,3,4,5,5,5
97,54,UK,2,3,2,3,4,5,5,5
98,43,MY,1,1,1,1,2,3,3,3
99,27,SG,-2,4,5,5,6,7,7,7
100,45,SG,1,3,3,3,4,5,5,5
101,46,MY,1,4,3,4,5,6,6,6
102,49,UK,0,3,3,3,5,5,5,5
103,50,US,-1,4,4,5,6,6,6,6
104,53,SG,2,2,2,2,3,4,4,4
105,22,SG,-1,3,3,3,4,5,5,5
106,31,SG,1,3,3,3,3,5,5,5
107,54,UK,-1,3,3,3,4,6,6,6
108,21,SG,2,1,1,1,2,3,3,3
109,42,MY,0,4,3,3,4,6,6,6
110,39,AU,-1,4,5,5,6,7,7,7
111,37,MY,0,2,3,2,4,5,5,5
112,46,UK,1,1,2,2,2,4,4,4
113,24,SG,-1,5,5,4,6,7,7,7
114,56,MY,-1,5,5,5,7,7,7,7
115,44,MY,-2,5,4,4,6,7,7,7
116,52,MY,1,2,2,2,3,5,5,5
117,28,UK,0,3,3,3,3,5,5,5
118,43,AU,-2,5,4,5,6,7,7,7
119,52,AU,-2,4,4,4,5,6,6,6
120,27,SG,-1,5,4,5,6,7,7,7
121,18,SG,-1,3,3,3,4,5,5,5
122,21,UK,2,2,2,2,2,4,4,4
123,45,UK,1,2,2,2,3,4,4,4
124,32,SG,-1,5,4,4,6,7,7,7
125,35,MY,2,1,1,1,1,3,3,3
126,36,US,-2,4,5,4,6,7,7,7
127,54,MY,-1,5,5,5,7,7,7,7
128,38,AU,0,4,3,4,5,6,6,6
129,28,SG,1,2,2,3,3,5,5,5
130,30,AU,1,3,3,2,4,5,5,5
131,43,MY,1,2,2,2,3,5,5,5
132,28,MY,-2,4,5,4,6,7,7,7
133,49,SG,1,2,2,2,3,4,4,4
134,54,AU,-1,5,4,5,7,7,7,7
135,26,UK,-2,4,4,4,5,6,6,6
136,48,UK,1,2,2,2,3,4,4,4
137,51,MY,-1,5,5,4,7,7,7,7
138,49,AU,-1,3,3,4,5,6,6,6
139,35,MY,0,4,3,3,5,6,6,6
140,56,AU,-1,4,4,4,5,6,6,6
141,32,US,-1,4,5,5,7,7,7,7
142,42,UK,1,3,3,3,4,5,5,5
143,36,MY,1,2,2,2,4,5,5,5
144,37,UK,1,1,2,2,2,3,3,3
145,55,US,-2,4,4,4,5,6,6,6
146,52,MY,0,3,3,4,4,5,5,5
147,19,MY,2,2,3,2,3,5,5,5
148,52,MY,-1,3,4,3,5,5,5,5
149,55,UK,1,2,2,2,3,4,4,4
150,23,MY,-1,4,4,4,5,7,7,7
151,41,US,-2,5,4,4,6,7,7,7
152,26,UK,2,2,2,3,4,5,5,5
153,30,US,2,1,1,1,2,3,3,3
154,30,US,-1,5,4,5,6,7,7,7
155,56,AU,-2,4,5,5,6,7,7,7
156,26,MY,1,4,4,3,5,6,6,6
157,33,AU,-2,5,5,4,6,7,7,7
158,56,UK,-1,3,3,4,5,6,6,6
159,31,AU,-1,5,4,5,7,7,7,7
160,35,SG,1,2,3,3,4,5,5,5
161,22,MY,2,1,2,2,3,4,4,4
162,44,UK,2,2,2,1,2,4,4,4
163,57,MY,-1,4,4,5,7,7,7,7
164,24,AU,1,2,3,3,4,5,5,5
165,19,AU,2,2,2,3,4,5,5,5
166,19,MY,-2,5,5,5,7,7,7,7
167,53,SG,-1,3,3,3,5,6,6,6
168,57,SG,-2,4,3,4,6,6,6,6
169,46,MY,-1,4,3,4,5,6,6,6
170,53,UK,2,1,1,1,2,4,4,4
171,51,UK,2,2,1,1,1,3,3,3
172,31,MY,-1,5,4,5,6,7,7,7
173,25,UK,2,1,1,1,2,3,3,3
174,38,SG,-1,4,4,4,5,7,7,7
175,32,AU,1,4,3,4,5,6,6,6
176,57,AU,-2,4,4,3,6,7,7,7
177,27,MY,-2,4,5,4,6,6,6,6
178,20,MY,-2,4,4,4,5,6,6,6
179,45,US,1,2,2,2,3,4,4,4
180,42,US,0,4,3,3,5,6,6,6
181,45,MY,-2,4,4,4,6,6,6,6
182,26,US,2,2,1,2,2,4,4,4
183,46,US,-1,3,3,3,4,5,5,5
184,46,UK,-2,4,4,4,5,6,6,6
185,36,AU,-1,4,5,5,7,7,7,7
186,43,AU,2,2,2,1,2,4,4,4
187,21,SG,2,1,1,1,2,3,3,3
188,49,AU,0,3,3,3,4,5,5,5
189,42,SG,0,2,2,2,3,4,4,4
190,50,US,2,2,2,1,2,3,3,3
191,44,SG,1,2,2,2,2,4,4,4
192,31,US,2,1,1,2,2,3,3,3
193,33,SG,1,3,3,3,4,5,5,5
194,57,SG,0,4,4,3,5,6,6,6
195,32,UK,0,2,2,2,3,4,4,4
196,27,AU,0,3,2,3,4,5,5,5
197,25,UK,-1,3,3,3,4,5,5,5
198,48,UK,1,1,1,1,2,3,3,3
199,44,MY,1,2,2,2,3,4,4,4
200,28,AU,-2,4,4,4,6,7,7,7
201,53,MY,0,2,2,2,3,5,5,5
202,28,UK,0,3,3,2,3,4,4,4
203,19,US,-2,4,4,4,7,6,6,6
204,27,US,-1,3,3,3,5,6,6,6
205,20,US,0,2,2,3,3,4,4,4
206,30,SG,2,2,2,2,3,5,5,5
207,38,MY,2,1,1,2,1,3,3,3
208,37,AU,1,1,1,2,2,3,3,3
209,56,UK,-2,5,5,5,7,7,7,7
210,39,UK,0,2,2,2,3,4,4,4
211,33,AU,0,4,3,3,5,5,5,5
212,30,UK,1,4,3,4,5,6,6,6
213,37,SG,-1,5,5,5,7,7,7,7
214,53,MY,-2,4,5,5,7,7,7,7
215,46,SG,-2,5,5,5,7,7,7,7
216,51,US,0,4,3,4,5,6,6,6
217,52,MY,1,2,1,1,1,3,3,3
218,37,SG,2,2,1,1,2,4,4,4
219,28,SG,0,3,3,3,4,5,5,5
220,30,AU,-1,4,4,4,5,6,6,6
221,50,AU,1,3,4,3,5,6,6,6
222,44,MY,-1,4,4,4,5,6,6,6
223,24,AU,2,1,1,1,1,3,3,3
224,30,SG,-2,5,5,4,7,7,7,7
225,55,US,0,2,2,2,3,4,4,4
226,24,US,-2,4,4,5,7,7,7,7
227,51,AU,1,3,3,2,4,5,5,5
228,21,UK,1,4,4,3,5,6,6,6
229,44,MY,-1,4,4,4,6,6,6,6
230,36,US,2,1,1,1,2,3,3,3
231,49,AU,2,2,1,1,2,3,3,3
232,45,MY,2,1,2,2,2,4,4,4
233,48,SG,-1,3,4,3,5,6,6,6
234,18,MY,1,4,3,3,5,6,6,6
235,27,AU,2,3,3,2,4,5,5,5
236,48,AU,-2,4,4,4,5,6,6,6
237,18,SG,0,2,2,2,3,4,4,4
238,18,AU,-2,4,4,4,5,6,6,6
239,43,UK,-1,3,3,3,4,6,6,6
240,53,US,2,2,1,2,2,4,4,4
241,19,US,2,1,1,1,2,4,4,4
242,50,UK,1,2,3,2,3,4,4,4
243,55,US,-2,4,5,5,6,7,7,7
244,25,SG,-2,4,4,4,6,7,7,7
245,53,AU,-2,4,4,4,6,7,7,7
246,30,AU,2,2,2,1,2,3,3,3
247,40,MY,1,1,1,1,1,3,3,3
248,37,MY,1,2,3,2,3,5,5,5
249,27,AU,1,2,3,3,3,4,4,4
250,40,MY,-2,5,5,4,6,7,7,7
251,47,MY,2,2,2,1,2,3,3,3
252,25,UK,2,1,1,1,2,3,3,3
253,56,SG,1,3,4,3,5,6,6,6
254,36,MY,-1,5,5,5,7,7,7,7
255,57,SG,1,2,2,2,3,4,4,4
256,47,UK,-1,4,4,4,6,7,7,7
257,30,MY,1,3,3,3,5,6,6,6
258,32,US,-1,3,3,3,4,5,5,5
259,27,SG,2,1,2,2,3,4,4,4
260,42,UK,1,3,2,2,3,4,4,4
261,36,AU,1,4,3,3,5,6,6,6
262,41,SG,1,3,3,3,4,5,5,5
263,45,SG,2,2,3,2,3,5,5,5
264,18,SG,-2,4,4,5,7,7,7,7
265,30,US,1,3,3,3,4,5,5,5
266,25,MY,2,2,2,1,3,4,4,4
267,45,SG,1,3,3,3,5,5,5,5
268,25,MY,-2,4,5,5,6,7,7,7
269,29,UK,0,3,2,2,4,5,5,5
270,44,AU,-2,4,4,4,5,6,6,6
271,39,MY,1,1,1,1,1,3,3,3
272,23,US,2,2,2,1,2,4,4,4
273,44,SG,-2,5,5,5,6,7,7,7
274,21,MY,2,2,2,2,2,4,4,4
275,32,UK,0,4,3,3,5,6,6,6
276,52,US,1,2,3,3,3,5,5,5
277,47,UK,-2,4,5,4,6,7,7,7
278,52,SG,2,1,1,1,1,3,3,3
279,41,US,2,2,1,1,1,4,4,4
280,29,MY,-1,4,4,4,6,7,7,7
281,34,AU,1,2,1,2,2,4,4,4
282,33,US,-1,5,4,5,6,7,7,7
283,20,SG,-2,5,5,4,6,7,7,7
284,48,AU,-2,3,4,4,6,7,7,7
285,24,UK,0,3,3,3,4,6,6,6
286,45,US,-1,5,5,5,7,7,7,7
287,19,MY,-2,4,4,4,6,6,6,6
288,38,MY,2,1,1,2,2,3,3,3
289,19,MY,2,2,1,2,2,4,4,4
290,22,AU,1,1,1,1,2,4,4,4
291,46,AU,-1,4,4,4,5,6,6,6
292,32,UK,2,2,2,1,3,4,4,4
293,47,UK,0,3,2,2,3,5,5,5
294,40,US,-1,5,5,5,7,7,7,7
295,38,US,1,2,3,2,4,4,4,4
296,46,SG,2,1,1,2,1,4,4,4
297,33,AU,1,3,4,4,5,6,6,6
298,40,AU,1,2,1,1,3,4,4,4
299,51,UK,-1,4,4,4,5,6,6,6
300,33,MY,1,1,1,1,2,3,3,3
301,55,MY,0,3,3,3,4,6,6,6
302,19,SG,-1,3,4,4,6,6,6,6
303,42,MY,1,4,3,3,5,5,5,5
304,27,SG,-2,5,5,4,7,7,7,7
305,51,AU,1,3,3,3,4,6,6,6
306,40,UK,1,3,3,3,5,6,6,6
307,37,AU,1,1,1,1,1,3,3,3
308,22,MY,-1,5,5,5,7,7,7,7
309,30,SG,0,2,2,3,3,4,4,4
310,24,AU,-2,4,4,4,5,7,7,7
311,41,MY,1,3,4,4,5,6,6,6
312,40,MY,2,2,2,2,3,5,5,5
313,19,SG,1,3,3,4,5,5,5,5
314,27,UK,1,2,2,2,3,4,4,4
315,45,UK,1,2,3,2,3,5,5,5
316,47,UK,-1,4,4,3,5,6,6,6
317,23,SG,2,1,1,1,3,3,3,3
318,33,SG,-2,4,4,4,5,7,7,7
319,19,AU,0,3,2,3,3,4,4,4
320,36,AU,-1,4,4,4,6,6,6,6
321,21,AU,-2,5,4,4,6,7,7,7
322,36,AU,-2,5,5,4,6,7,7,7
323,31,US,-1,4,5,4,6,7,7,7
324,57,AU,1,3,3,3,5,6,6,6
325,55,SG,2,1,1,1,2,3,3,3
326,54,US,-1,3,3,3,4,5,5,5
327,19,US,1,2,2,2,2,4,4,4
328,30,US,2,3,3,2,4,5,5,5
329,33,MY,1,4,3,4,5,6,6,6
330,46,UK,1,1,1,1,2,3,3,3
331,42,SG,-1,4,4,4,5,6,6,6
332,35,MY,2,2,1,2,1,3,3,3
333,43,US,2,1,1,2,3,3,3,3
334,53,UK,2,3,3,2,3,4,4,4
335,21,AU,1,3,3,4,5,6,6,6
336,51,AU,1,2,1,2,2,4,4,4
337,49,SG,2,1,2,1,1,4,4,4
338,50,AU,-2,5,5,5,7,7,7,7
339,34,SG,2,3,2,2,3,4,4,4
340,39,US,-2,5,5,5,7,7,7,7
341,35,US,1,1,2,2,2,3,3,3
342,31,AU,0,3,3,3,4,5,5,5
343,44,SG,-2,5,4,5,6,7,7,7
344,42,UK,-2,4,4,4,6,6,6,6
345,28,MY,-2,5,5,5,6,7,7,7
346,18,MY,2,1,1,1,1,3,3,3
347,32,AU,1,1,1,2,2,3,3,3
348,49,AU,1,2,1,1,2,4,4,4
349,40,AU,1,3,3,2,3,4,4,4
350,54,SG,-1,3,3,3,5,5,5,5
351,20,SG,-1,5,4,5,6,7,7,7
352,49,MY,2,1,1,1,2,3,3,3
353,56,SG,1,2,2,2,3,4,4,4
354,36,US,1,2,2,2,3,4,4,4
355,22,UK,-2,5,5,5,6,7,7,7
356,40,UK,-1,5,5,5,7,7,7,7
357,33,SG,1,2,3,2,4,4,4,4
358,19,SG,2,1,1,1,2,3,3,3
359,28,AU,2,3,2,3,3,5,5,5
360,32,AU,-2,5,5,5,7,7,7,7
361,21,AU,1,3,3,3,4,5,5,5
362,45,US,2,2,1,2,1,4,4,4
363,27,UK,2,1,1,1,2,3,3,3
364,43,MY,-1,3,3,3,4,6,6,6
365,36,AU,-2,5,4,5,6,7,7,7
366,18,MY,2,2,1,2,3,4,4,4
367,46,SG,-2,4,4,5,6,7,7,7
368,45,MY,2,3,3,3,3,5,5,5
369,25,SG,-1,4,4,4,5,6,6,6
370,51,SG,-2,4,5,5,6,7,7,7
371,28,US,-2,4,4,4,5,6,6,6
372,41,AU,1,1,1,1,2,3,3,3
373,37,UK,1,3,2,2,4,5,5,5
374,50,US,1,2,2,2,3,4,4,4
375,31,SG,0,4,3,4,4,6,6,6
376,55,MY,-1,4,4,5,6,7,7,7
377,25,MY,1,2,2,3,3,5,5,5
378,44,AU,-1,4,4,5,6,7,7,7
379,27,MY,2,2,3,3,4,5,5,5
380,41,UK,1,1,1,1,2,3,3,3
381,46,US,0,3,3,3,5,5,5,5
382,56,US,-1,4,5,4,7,7,7,7
383,37,AU,-1,5,4,5,6,7,7,7
384,44,US,1,1,1,1,3,4,4,4
385,24,AU,1,4,4,3,5,6,6,6
386,35,SG,-1,4,4,4,6,7,7,7
387,20,SG,2,3,2,3,3,5,5,5
388,31,MY,0,2,2,2,3,5,5,5
389,57,US,2,1,2,2,2,4,4,4
390,52,UK,-1,4,4,4,6,7,7,7
391,48,UK,1,3,3,2,4,5,5,5
392,37,SG,1,3,3,3,5,5,5,5
393,57,US,2,2,2,2,2,4,4,4
394,42,SG,-1,5,5,5,6,7,7,7
395,38,SG,-1,3,4,4,5,6,6,6
396,39,US,1,4,3,3,4,6,6,6
397,33,US,1,2,2,2,3,4,4,4
398,48,SG,-1,5,4,5,7,7,7,7
399,32,MY,-1,4,4,3,5,6,6,6
400,55,AU,2,3,2,3,4,5,5,5
401,21,AU,-2,4,4,5,6,7,7,7
402,22,AU,1,2,1,1,2,3,3,3
403,38,US,1,1,1,1,1,3,3,3
404,34,UK,0,3,3,3,4,6,6,6
405,41,SG,-1,4,4,4,6,6,6,6
406,23,SG,-2,4,4,4,6,6,6,6
407,31,MY,2,2,2,1,2,3,3,3
408,53,US,1,2,2,1,2,4,4,4
409,34,AU,1,2,1,2,2,4,4,4
410,35,SG,-2,5,5,5,7,7,7,7
411,48,AU,-1,5,5,5,6,7,7,7
412,54,US,2,1,1,1,1,3,3,3
413,47,US,-2,4,4,5,7,7,7,7
414,49,AU,1,3,3,3,4,5,5,5
415,45,SG,1,2,3,2,3,4,4,4
416,33,UK,2,1,1,1,2,3,3,3
417,22,SG,-1,3,3,3,5,5,5,5
418,42,UK,-2,4,4,4,5,6,6,6
419,42,UK,-2,4,5,4,6,7,7,7
420,41,UK,0,2,2,2,4,5,5,5
421,21,UK,1,2,2,2,3,4,4,4
422,26,US,-1,4,4,3,5,6,6,6
423,27,MY,2,1,2,1,2,4,4,4
424,48,SG,-1,4,4,4,7,7,7,7
425,45,SG,-2,5,5,4,7,7,7,7
426,49,UK,-1,4,4,4,6,7,7,7
427,39,AU,-2,4,5,5,7,7,7,7
428,25,MY,-1,5,5,5,7,7,7,7
429,27,AU,-1,5,4,4,6,6,6,6
430,33,UK,2,1,1,1,2,3,3,3
431,24,MY,-1,5,5,4,7,7,7,7
432,22,AU,2,1,2,1,2,4,4,4
433,37,AU,1,2,2,2,2,4,4,4
434,19,MY,0,3,3,3,5,5,5,5
435,31,AU,2,3,2,2,3,5,5,5
436,18,AU,-2,5,4,4,6,7,7,7
437,57,US,2,1,1,1,2,3,3,3
438,51,AU,-1,3,3,3,5,5,5,5
439,51,SG,-1,5,5,4,7,7,7,7
440,42,MY,-2,5,5,5,7,7,7,7
441,19,US,2,1,1,1,2,3,3,3
442,57,UK,-1,4,4,4,6,6,6,6
443,57,US,1,2,2,2,3,4,4,4
444,34,US,-1,4,4,5,6,7,7,7
445,52,MY,2,2,2,2,2,4,4,4
446,27,US,-1,3,3,3,4,6,6,6
447,33,MY,-1,4,4,4,5,6,6,6
448,54,MY,-1,5,5,5,7,7,7,7
449,28,MY,2,2,1,1,2,3,3,3
450,44,AU,1,3,3,2,3,5,5,5
451,33,AU,-2,5,5,5,7,7,7,7
452,55,UK,1,3,3,3,4,5,5,5
453,36,UK,-2,5,5,4,6,7,7,7
454,54,US,2,2,2,1,2,4,4,4
455,53,AU,1,2,3,2,4,5,5,5
456,47,US,-1,3,3,4,4,5,5,5
457,38,AU,2,1,1,1,2,3,3,3
458,41,MY,1,3,3,2,4,5,5,5
459,29,AU,2,2,3,2,3,4,4,4
460,42,US,-2,4,4,5,7,7,7,7
461,51,AU,1,2,2,1,2,4,4,4
462,53,US,1,2,2,3,3,5,5,5
463,47,US,1,3,2,3,4,5,5,5
464,36,AU,0,3,3,3,5,6,6,6
465,48,MY,2,2,2,2,3,4,4,4
466,39,SG,-2,4,5,4,7,7,7,7
467,21,US,-2,4,5,4,6,6,6,6
468,23,SG,-2,5,5,5,7,7,7,7
469,23,SG,0,2,3,2,4,5,5,5
470,40,UK,0,3,2,2,3,4,4,4
471,48,UK,-1,4,4,4,6,6,6,6
472,32,MY,-2,5,4,4,6,6,6,6
473,33,AU,0,3,3,3,5,5,5,5
474,21,AU,2,3,2,3,4,5,5,5
475,57,SG,-1,4,4,4,7,7,7,7
476,46,SG,1,2,2,2,3,4,4,4
477,23,US,-1,4,4,4,7,7,7,7
478,27,UK,1,2,2,2,2,4,4,4
479,27,SG,1,2,2,2,3,4,4,4
480,19,UK,-1,3,3,3,4,5,5,5
481,40,US,-1,5,5,5,7,7,7,7
482,40,MY,-1,5,4,4,6,7,7,7
483,52,US,-1,5,5,5,7,7,7,7
484,21,UK,1,2,2,2,2,4,4,4
485,23,MY,0,4,4,3,5,6,6,6
486,34,UK,0,3,3,3,4,5,5,5
487,29,AU,1,2,2,2,2,4,4,4
488,43,UK,2,1,2,2,2,3,3,3
489,27,SG,1,2,1,2,1,4,4,4
490,23,MY,-1,4,4,5,6,7,7,7
491,32,UK,-2,4,5,5,7,7,7,7
492,24,UK,1,3,3,3,3,5,5,5
493,45,MY,-1,5,4,4,6,7,7,7
494,26,AU,-1,4,5,5,7,7,7,7
495,42,UK,2,2,2,2,3,4,4,4
496,53,MY,1,1,2,2,2,4,4,4
497,26,MY,2,1,1,2,2,3,3,3
498,27,AU,1,2,3,2,3,5,5,5
499,27,MY,2,2,1,2,2,4,4,4
500,43,SG,1,1,2,2,2,4,4,4
501,32,UK,-1,5,5,5,7,7,7,7
502,30,SG,1,2,2,2,3,4,4,4
503,44,MY,1,2,1,2,2,3,3,3
504,33,US,-2,5,5,5,7,7,7,7
505,55,AU,1,4,3,4,5,6,6,6
506,34,UK,-1,5,5,5,7,7,7,7
507,23,SG,1,3,3,3,3,5,5,5
508,53,US,1,3,3,3,4,5,5,5
509,35,US,0,2,3,2,3,4,4,4
510,39,SG,2,2,2,2,2,4,4,4
511,18,UK,1,2,2,3,3,4,4,4
512,47,UK,2,3,2,3,3,4,4,4
513,53,AU,-2,5,5,5,7,7,7,7
514,22,SG,-1,5,4,5,6,7,7,7
515,29,UK,2,2,3,2,4,4,4,4
516,34,SG,-2,4,4,4,6,6,6,6
517,42,US,1,2,3,2,3,5,5,5
518,24,UK,-1,4,4,4,6,7,7,7
519,50,UK,2,1,1,1,2,3,3,3
520,23,UK,0,2,2,3,3,5,5,5
521,53,MY,-1,3,3,3,4,5,5,5
522,36,MY,-2,4,4,4,6,6,6,6
523,49,US,-2,5,5,4,6,7,7,7
524,38,AU,2,2,2,1,3,4,4,4
525,21,UK,1,3,3,3,4,5,5,5
526,33,SG,0,2,2,2,3,4,4,4
527,44,US,-2,4,5,5,7,7,7,7
528,50,AU,-1,4,5,5,6,7,7,7
529,27,US,0,4,3,3,4,6,6,6
530,52,UK,2,1,2,2,2,4,4,4
531,26,AU,2,1,1,2,2,3,3,3
532,27,AU,1,3,3,3,4,5,5,5
533,21,SG,-2,4,4,4,5,7,7,7
534,43,SG,-1,3,3,3,4,6,6,6
535,35,AU,2,2,3,2,3,4,4,4
536,39,SG,1,3,3,3,3,5,5,5
537,20,AU,1,4,4,3,4,6,6,6
538,33,UK,1,2,1,1,2,4,4,4
539,42,MY,-1,4,4,4,5,7,7,7
540,19,US,-1,3,4,4,5,6,6,6
541,53,MY,1,4,3,3,5,6,6,6
542,43,MY,1,1,2,2,3,4,4,4
543,19,AU,-2,4,5,5,7,7,7,7
544,29,MY,1,3,3,2,3,5,5,5
545,50,MY,1,2,2,2,2,4,4,4
546,18,UK,2,1,2,1,2,4,4,4
547,37,MY,-1,3,3,3,4,5,5,5
548,52,SG,-1,3,4,3,5,5,5,5
549,26,US,-2,4,3,4,6,6,6,6
550,31,SG,-2,5,5,5,7,7,7,7
551,46,UK,-2,4,4,4,6,6,6,6
552,21,AU,-1,3,3,3,4,6,6,6
553,49,UK,-2,5,5,5,7,7,7,7
554,28,US,-2,5,5,4,6,7,7,7
555,37,SG,-1,5,4,5,6,7,7,7
556,22,US,0,3,3,3,5,5,5,5
557,20,MY,1,3,3,3,5,5,5,5
558,21,UK,1,3,3,2,3,4,4,4
559,47,UK,-1,4,4,4,6,7,7,7
560,55,US,2,1,2,2,3,4,4,4
561,42,US,-2,4,4,3,6,6,6,6
562,54,UK,1,2,2,3,3,5,5,5
563,44,UK,-2,5,5,5,6,7,7,7
564,52,AU,-2,5,5,4,7,7,7,7
565,48,SG,1,2,2,2,3,4,4,4
566,37,MY,1,2,2,2,3,4,4,4
567,40,UK,1,3,3,3,5,6,6,6
568,32,SG,2,2,1,2,2,4,4,4
569,27,SG,0,3,3,4,4,6,6,6
570,56,AU,0,3,3,3,4,5,5,5
571,38,UK,0,4,3,3,4,5,5,5
572,32,MY,2,1,2,2,2,3,3,3
573,45,SG,-2,4,4,4,6,7,7,7
574,25,UK,-2,5,5,5,7,7,7,7
575,42,UK,-1,4,4,5,6,6,6,6
576,54,MY,2,1,2,1,2,4,4,4
577,53,AU,-1,4,4,4,5,6,6,6
578,32,US,1,2,2,1,2,3,3,3
579,36,UK,-2,5,4,5,7,7,7,7
580,27,US,2,2,1,1,1,3,3,3
581,50,SG,2,2,2,2,2,4,4,4
582,42,UK,0,3,3,3,4,5,5,5
583,47,AU,1,2,1,2,3,4,4,4
584,57,MY,0,3,3,3,3,5,5,5
585,46,UK,1,3,3,2,3,4,4,4
586,21,UK,0,3,3,4,5,6,6,6
587,55,UK,-2,4,4,4,5,6,6,6
588,31,AU,-1,5,5,4,6,7,7,7
589,45,AU,0,2,2,2,3,5,5,5
590,50,UK,0,2,3,3,4,5,5,5
591,50,AU,0,3,3,3,4,6,6,6
592,20,AU,0,3,3,3,4,5,5,5
593,42,AU,-2,4,4,4,6,6,6,6
594,23,MY,1,1,2,2,2,3,3,3
595,53,SG,1,2,2,2,3,4,4,4
596,26,UK,0,3,3,3,5,6,6,6
597,49,UK,2,2,1,2,3,4,4,4
598,48,UK,-2,4,4,4,5,7,7,7
599,23,AU,1,2,2,2,3,4,4,4
600,20,US,-2,4,5,5,6,7,7,7
601,55,MY,-2,4,4,4,5,6,6,6
602,49,SG,1,3,3,3,4,5,5,5
603,51,UK,1,2,2,3,4,4,4,4
604,18,SG,2,1,1,1,2,3,3,3
605,56,MY,2,2,2,3,3,4,4,4
606,33,SG,2,1,1,1,2,4,4,4
607,51,SG,2,2,3,3,4,5,5,5
608,31,UK,1,2,1,1,2,4,4,4
609,54,AU,-1,3,3,3,4,5,5,5
610,18,UK,2,2,1,1,2,3,3,3
611,54,UK,0,4,3,3,4,5,5,5
612,43,US,-2,4,4,4,6,6,6,6
613,24,MY,-1,5,5,4,6,7,7,7
614,30,MY,-1,4,4,4,5,7,7,7
615,33,US,0,2,3,3,3,5,5,5
616,42,SG,2,2,2,1,3,4,4,4
617,27,SG,0,2,2,3,3,5,5,5
618,53,SG,0,3,4,3,4,6,6,6
619,29,SG,1,3,4,3,4,5,5,5
620,41,MY,1,2,2,2,3,4,4,4
621,29,MY,1,3,2,2,3,5,5,5
622,25,UK,1,3,3,3,4,5,5,5
623,22,US,1,2,2,2,3,4,4,4
624,30,UK,2,1,1,2,3,3,3,3
625,51,AU,1,4,3,4,4,5,5,5
626,35,AU,2,1,2,2,2,4,4,4
627,22,US,2,2,2,2,2,4,4,4
628,48,UK,-2,4,4,4,6,7,7,7
629,22,AU,-1,5,4,5,6,7,7,7
630,36,AU,-2,4,5,5,6,7,7,7
631,26,UK,1,2,2,2,3,4,4,4
632,46,AU,1,3,3,3,6,5,5,5
633,22,US,-2,5,5,4,6,7,7,7
634,19,UK,1,3,3,3,4,5,5,5
635,22,AU,2,2,2,2,4,4,4,4
636,49,SG,-2,5,5,4,6,7,7,7
637,57,UK,-2,4,4,4,5,6,6,6
638,44,MY,1,4,3,4,5,6,6,6
639,47,UK,1,3,3,2,3,5,5,5
640,49,US,-2,4,4,4,6,6,6,6
641,19,SG,1,2,2,2,3,4,4,4
642,18,UK,2,1,1,1,2,3,3,3
643,28,AU,1,2,2,3,4,5,5,5
644,34,UK,0,3,3,3,4,5,5,5
645,32,AU,-2,4,4,4,6,7,7,7
646,44,AU,-1,5,5,5,6,7,7,7
647,56,US,0,4,4,3,5,6,6,6
648,24,MY,0,4,4,3,5,6,6,6
649,56,AU,0,4,3,4,5,6,6,6
650,55,SG,-2,4,4,4,5,6,6,6
651,54,MY,-1,5,4,5,6,7,7,7
652,36,AU,-2,5,5,4,6,7,7,7
653,22,MY,-1,3,3,3,4,5,5,5
654,38,US,-1,4,4,4,5,7,7,7
655,42,UK,2,2,2,2,2,4,4,4
656,23,MY,2,2,1,2,2,4,4,4
657,56,US,-2,5,4,5,7,7,7,7
658,24,SG,-1,4,4,4,6,6,6,6
659,44,UK,2,1,2,1,2,3,3,3
660,39,SG,2,2,2,1,3,4,4,4
661,34,AU,-1,3,3,3,4,5,5,5
662,22,SG,1,2,2,2,3,4,4,4
663,23,MY,-1,5,5,4,7,7,7,7
664,33,US,-1,4,3,4,4,6,6,6
665,54,US,-1,4,5,4,6,7,7,7
666,38,AU,1,1,1,1,2,3,3,3
667,54,AU,-2,5,5,4,6,7,7,7
668,45,AU,-2,4,4,4,6,7,7,7
669,27,UK,1,2,3,2,3,4,4,4
670,56,MY,2,2,2,2,3,4,4,4
671,48,MY,0,4,3,3,5,6,6,6
672,19,US,2,1,1,2,1,4,4,4
673,22,US,-1,5,4,4,7,7,7,7
674,22,US,2,1,2,1,2,3,3,3
675,18,MY,2,3,3,2,4,5,5,5
676,44,SG,2,1,1,1,2,3,3,3
677,32,US,0,2,2,2,4,5,5,5
678,35,SG,0,4,4,3,5,6,6,6
679,39,US,-2,5,5,5,7,7,7,7
680,33,UK,2,1,1,2,2,3,3,3
681,33,UK,1,1,2,2,2,4,4,4
682,44,US,1,4,4,3,5,6,6,6
683,35,US,2,1,2,2,3,4,4,4
684,27,AU,1,2,2,2,3,4,4,4
685,22,MY,0,4,3,4,5,6,6,6
686,51,SG,0,3,3,3,3,5,5,5
687,19,SG,-2,4,4,4,6,7,7,7
688,20,AU,0,2,3,2,3,5,5,5
689,47,UK,1,3,3,4,5,6,6,6
690,25,US,-1,3,3,3,5,6,6,6
691,34,MY,0,2,3,2,3,4,4,4
692,35,SG,-1,4,4,5,6,6,6,6
693,29,MY,1,2,2,2,3,4,4,4
694,28,MY,0,3,4,3,5,6,6,6
695,31,AU,2,3,2,2,3,4,4,4
696,42,SG,-1,5,4,4,6,7,7,7
697,23,AU,-2,4,4,4,6,6,6,6
698,41,US,0,3,3,3,4,5,5,5
699,47,US,2,2,2,1,3,4,4,4
700,21,SG,-1,4,4,4,6,6,6,6
701,21,AU,-1,3,3,3,4,5,5,5
702,49,MY,-2,4,4,4,6,7,7,7
703,30,US,-2,4,5,4,6,7,7,7
704,49,AU,1,4,3,4,4,6,6,6
705,33,MY,1,3,2,3,3,5,5,5
706,43,MY,0,3,4,3,5,6,6,6
707,35,US,-2,5,5,5,7,7,7,7
708,48,SG,1,2,1,2,2,3,3,3
709,39,UK,1,3,2,3,4,5,5,5
710,32,SG,-2,5,5,5,7,7,7,7
711,50,UK,-1,3,3,3,4,5,5,5
712,30,US,0,3,3,3,4,6,6,6
713,33,MY,-1,3,3,4,5,5,5,5
714,51,AU,0,3,3,3,5,5,5,5
715,25,MY,2,2,2,2,2,4,4,4
716,29,UK,1,3,3,3,5,6,6,6
717,47,US,0,3,3,3,4,5,5,5
718,30,UK,-2,5,5,5,7,7,7,7
719,37,SG,1,1,1,1,2,4,4,4
720,29,US,2,1,1,2,2,3,3,3
721,52,AU,0,3,3,2,3,5,5,5
722,53,UK,0,2,3,3,3,4,4,4
723,33,UK,-1,4,4,4,5,6,6,6
724,21,UK,1,1,1,1,1,3,3,3
725,26,UK,2,2,2,1,3,4,4,4
726,43,AU,1,3,2,3,3,5,5,5
727,33,US,1,1,2,2,2,4,4,4
728,22,AU,1,2,2,3,3,5,5,5
729,44,SG,1,3,2,3,3,5,5,5
730,54,AU,-1,4,5,4,5,7,7,7
731,21,SG,1,1,1,1,1,3,3,3
732,31,UK,1,3,3,2,4,5,5,5
733,54,AU,1,2,1,2,2,4,4,4
734,25,AU,2,2,1,2,2,4,4,4
735,44,MY,-1,4,4,4,6,7,7,7
736,20,US,-1,4,3,4,5,6,6,6
737,19,UK,2,1,1,2,2,3,3,3
738,19,UK,-1,3,3,3,4,6,6,6
739,48,US,2,1,1,1,2,3,3,3
740,36,US,-1,4,5,4,6,7,7,7
741,46,AU,1,2,2,2,3,4,4,4
742,37,SG,0,2,2,2,3,4,4,4
743,30,US,-1,4,4,4,6,6,6,6
744,49,SG,-2,5,5,4,6,7,7,7
745,50,MY,-1,4,4,4,6,7,7,7
746,45,US,-2,4,5,5,6,7,7,7
747,36,UK,1,2,3,2,4,5,5,5
748,33,MY,0,3,2,3,3,4,4,4
749,53,US,-2,5,4,5,6,7,7,7
750,43,MY,-2,4,4,4,6,7,7,7
751,43,AU,1,3,3,3,4,5,5,5
752,22,SG,0,3,3,3,3,5,5,5
753,39,MY,1,3,3,3,4,6,6,6
754,35,AU,-2,5,4,4,6,7,7,7
755,48,SG,-2,4,4,4,5,6,6,6
756,55,UK,0,4,3,4,5,6,6,6
757,26,UK,2,2,2,2,2,4,4,4
758,48,MY,-2,4,5,4,6,6,6,6
759,39,MY,1,2,2,2,3,4,4,4
760,48,UK,-2,5,5,5,7,7,7,7
761,25,US,1,2,2,2,3,4,4,4
762,40,AU,2,2,2,2,2,4,4,4
763,47,MY,-2,4,5,5,7,7,7,7
764,45,MY,1,3,3,2,4,5,5,5
765,19,AU,1,1,1,1,1,3,3,3
766,44,AU,-2,5,5,5,7,7,7,7
767,49,MY,-1,4,4,4,5,7,7,7
768,49,SG,1,2,2,2,2,4,4,4
769,46,MY,-2,4,4,4,5,6,6,6
770,52,AU,0,3,3,4,5,5,5,5
771,20,AU,-2,5,5,5,7,7,7,7
772,36,US,-2,5,5,4,6,7,7,7
773,18,AU,-1,5,4,4,6,6,6,6
774,19,SG,1,3,4,4,5,6,6,6
775,22,US,2,2,2,1,2,4,4,4
776,51,UK,2,2,2,2,3,4,4,4
777,31,AU,0,3,2,2,3,5,5,5
778,36,SG,-1,4,4,5,7,7,7,7
779,43,MY,1,1,1,2,2,4,4,4
780,26,SG,2,1,2,2,2,4,4,4
781,23,UK,-1,4,4,5,6,7,7,7
782,45,MY,1,2,2,3,3,5,5,5
783,35,AU,-1,4,4,3,5,6,6,6
784,30,US,2,1,1,2,2,4,4,4
785,43,SG,-2,4,4,4,6,7,7,7
786,50,MY,1,3,3,3,3,5,5,5
787,28,UK,-1,4,4,4,5,7,7,7
788,54,MY,2,1,2,1,2,4,4,4
789,56,UK,-1,3,3,3,5,6,6,6
790,27,MY,-2,4,4,4,6,7,7,7
791,22,AU,0,4,3,4,5,6,6,6
792,33,SG,1,2,2,2,3,4,4,4
793,31,MY,2,1,1,1,1,3,3,3
794,26,US,2,2,1,2,3,4,4,4
795,23,AU,1,3,2,3,4,5,5,5
796,42,US,1,3,2,2,3,5,5,5
797,53,SG,1,3,3,3,5,5,5,5
798,56,AU,1,3,2,3,4,5,5,5
799,21,AU,1,4,3,3,5,6,6,6
800,34,AU,-2,4,4,4,5,6,6,6
801,22,SG,1,1,1,1,1,3,3,3
802,25,SG,-1,5,5,5,6,7,7,7
803,53,AU,1,4,3,3,5,6,6,6
804,47,SG,-1,5,5,5,6,7,7,7
805,44,US,1,2,2,2,3,5,5,5
806,22,AU,2,2,2,1,2,4,4,4
807,21,MY,2,1,1,1,2,4,4,4
808,45,US,-1,4,3,4,5,6,6,6
809,29,MY,1,2,3,2,3,5,5,5
810,51,SG,1,2,2,2,3,4,4,4
811,53,US,0,3,3,3,4,5,5,5
812,44,US,1,1,1,1,2,3,3,3
813,20,SG,2,1,2,2,3,4,4,4
814,53,UK,0,2,2,3,3,5,5,5
815,25,SG,0,4,4,3,5,6,6,6
816,42,AU,1,3,2,2,3,4,4,4
817,41,UK,2,2,2,1,3,4,4,4
818,46,UK,1,2,2,3,3,5,5,5
819,43,MY,-2,4,4,4,6,6,6,6
820,29,US,0,4,4,3,5,6,6,6
821,32,MY,1,4,3,4,5,6,6,6
822,31,UK,-2,5,4,4,6,7,7,7
823,57,US,2,1,1,1,2,3,3,3
824,46,US,-1,5,4,4,7,7,7,7
825,42,US,-1,4,3,3,4,6,6,6
826,34,US,-1,3,3,4,5,6,6,6
827,24,SG,1,4,4,3,5,6,6,6
828,48,MY,0,3,3,3,4,5,5,5
829,53,SG,2,2,2,2,2,4,4,4
830,31,UK,1,3,4,4,4,5,5,5
831,25,AU,0,2,3,2,4,5,5,5
832,40,UK,-1,4,4,4,6,6,6,6
833,32,SG,-1,4,4,5,7,7,7,7
834,28,UK,-2,5,5,5,6,7,7,7
835,23,UK,0,3,3,3,4,6,6,6
836,41,AU,1,1,2,1,2,3,3,3
837,51,AU,1,2,3,2,3,5,5,5
838,57,MY,2,2,2,2,2,4,4,4
839,39,AU,1,3,3,2,3,5,5,5
840,28,US,2,2,2,2,2,4,4,4
841,36,UK,-1,4,4,3,5,6,6,6
842,44,AU,-1,4,4,4,6,7,7,7
843,20,MY,1,3,3,3,4,6,6,6
844,52,SG,0,3,2,3,4,5,5,5
845,48,SG,1,1,1,1,2,3,3,3
846,38,MY,-1,4,3,3,4,5,5,5
847,45,MY,2,1,1,1,2,3,3,3
848,21,MY,2,2,1,2,2,4,4,4
849,27,US,-2,5,5,4,7,7,7,7
850,34,US,1,2,2,1,2,3,3,3
851,46,AU,-2,5,4,5,7,7,7,7
852,30,MY,0,4,4,3,5,6,6,6
853,51,SG,1,2,1,1,3,3,3,3
854,53,UK,1,3,2,2,3,5,5,5
855,38,UK,1,3,4,4,5,6,6,6
856,51,AU,0,3,4,4,5,6,6,6
857,36,SG,-2,4,5,5,7,7,7,7
858,33,AU,1,3,2,2,4,5,5,5
859,49,AU,2,2,1,2,2,4,4,4
860,49,SG,-2,5,5,4,7,7,7,7
861,42,SG,0,3,3,3,4,5,5,5
862,51,US,2,2,2,2,2,4,4,4
863,39,AU,1,2,2,2,3,4,4,4
864,45,MY,-2,4,4,4,5,6,6,6
865,27,MY,1,2,2,2,3,4,4,4
866,20,UK,1,2,2,2,4,5,5,5
867,32,SG,2,1,1,1,2,4,4,4
868,37,US,1,3,3,3,4,5,5,5
869,33,US,0,3,4,4,5,6,6,6
870,46,US,-2,5,5,4,6,7,7,7
871,46,UK,-1,4,5,5,6,7,7,7
872,31,SG,1,4,4,3,5,6,6,6
873,19,UK,1,2,3,2,4,5,5,5
874,42,MY,1,2,2,1,3,4,4,4
875,46,MY,-2,5,4,5,6,7,7,7
876,38,UK,1,2,2,3,3,4,4,4
877,54,SG,2,3,2,3,3,5,5,5
878,44,US,0,3,2,3,4,5,5,5
879,45,AU,1,1,2,2,3,4,4,4
880,46,US,-2,4,4,4,6,6,6,6
881,33,UK,0,2,2,2,3,4,4,4
882,50,US,2,2,3,2,3,4,4,4
883,57,UK,-2,5,4,5,7,7,7,7
884,42,MY,-1,4,5,5,6,7,7,7
885,20,SG,2,1,1,1,2,4,4,4
886,41,US,1,1,1,1,2,3,3,3
887,31,MY,-1,4,4,4,6,7,7,7
888,53,US,0,4,4,3,5,6,6,6
889,45,US,1,2,3,2,3,4,4,4
890,55,AU,1,2,2,2,3,4,4,4
891,24,AU,-1,5,5,5,7,7,7,7
892,27,MY,1,3,3,4,4,6,6,6
893,51,US,-2,5,4,5,7,7,7,7
894,40,UK,2,1,2,1,2,4,4,4
895,50,SG,1,2,2,2,3,4,4,4
896,32,UK,2,3,2,3,4,5,5,5
897,38,UK,1,3,3,3,5,6,6,6
898,21,AU,1,3,3,2,4,5,5,5
899,28,UK,-1,4,4,4,6,7,7,7
900,53,SG,-1,5,4,4,6,7,7,7
901,46,US,2,1,1,2,2,4,4,4
902,44,MY,1,3,3,3,4,5,5,5
903,30,AU,-2,4,4,5,6,7,7,7
904,48,SG,-1,4,4,4,6,6,6,6
905,44,MY,0,2,2,2,3,4,4,4
906,24,MY,1,3,3,4,5,6,6,6
907,26,MY,-1,4,4,4,6,7,7,7
908,40,MY,-2,5,4,4,6,7,7,7
909,28,MY,0,3,3,3,5,6,6,6
910,20,US,0,3,2,2,3,4,4,4
911,54,UK,1,2,2,2,3,4,4,4
912,54,US,-1,5,4,4,6,6,6,6
913,40,UK,-2,5,5,5,7,7,7,7
914,50,US,1,2,2,2,3,4,4,4
915,51,MY,1,3,4,3,5,6,6,6
916,53,AU,-2,5,5,5,7,7,7,7
917,20,MY,2,1,2,2,2,3,3,3
918,48,SG,2,2,2,2,2,4,4,4
919,31,MY,1,2,3,3,4,5,5,5
920,32,US,1,3,4,3,5,6,6,6
921,56,AU,-2,5,5,4,7,7,7,7
922,55,SG,2,2,2,3,4,5,5,5
923,18,US,-1,3,3,3,4,5,5,5
924,37,UK,1,3,4,3,5,6,6,6
925,28,MY,1,2,1,1,3,4,4,4
926,20,UK,-1,4,4,4,6,7,7,7
927,33,MY,-2,4,4,4,6,6,6,6
928,50,UK,2,1,1,1,2,3,3,3
929,19,MY,0,3,3,4,4,5,5,5
930,56,MY,-1,3,3,3,4,5,5,5
931,43,AU,1,2,2,2,2,4,4,4
932,52,SG,-2,4,5,4,7,7,7,7
933,49,UK,1,2,2,2,3,4,4,4
934,21,US,-1,5,4,5,6,7,7,7
935,42,MY,-2,5,5,5,7,7,7,7
936,36,US,1,4,3,3,5,5,5,5
937,42,AU,2,2,1,1,2,4,4,4
938,52,MY,0,3,3,3,4,5,5,5
939,38,SG,-1,4,4,4,5,6,6,6
940,32,AU,-1,3,3,3,4,6,6,6
941,29,AU,-2,5,4,4,6,7,7,7
942,57,MY,2,3,2,3,4,5,5,5
943,42,AU,0,3,3,3,5,5,5,5
944,38,UK,2,3,2,3,4,5,5,5
945,40,MY,-1,3,4,4,5,6,6,6
946,21,UK,-1,3,3,4,5,6,6,6
947,34,US,0,2,2,2,3,4,4,4
948,41,AU,-2,4,5,5,7,7,7,7
949,24,SG,-2,4,5,4,6,7,7,7
950,28,AU,2,1,2,2,2,4,4,4
951,49,AU,2,2,2,3,3,4,4,4
952,19,AU,1,2,2,3,3,5,5,5
953,35,SG,1,3,3,3,4,5,5,5
954,34,SG,1,3,3,2,4,5,5,5
955,47,MY,0,3,3,4,5,6,6,6
956,31,AU,2,2,2,1,3,4,4,4
957,27,US,1,2,3,3,4,5,5,5
958,31,MY,1,1,1,1,1,3,3,3
959,31,SG,-1,5,4,4,6,6,6,6
960,19,SG,2,1,2,1,2,3,3,3
961,22,MY,1,2,2,2,2,4,4,4
962,45,AU,1,3,3,3,4,6,6,6
963,31,SG,1,3,3,3,5,5,5,5
964,43,MY,1,1,1,1,3,3,3,3
965,34,UK,-1,4,5,5,7,7,7,7
966,55,UK,2,1,2,1,3,4,4,4
967,51,US,-1,5,5,4,7,7,7,7
968,24,AU,2,1,2,1,2,4,4,4
969,43,UK,1,3,3,2,3,5,5,5
970,23,MY,-2,5,5,5,7,7,7,7
971,46,SG,-1,4,4,4,5,7,7,7
972,39,UK,-1,3,3,3,5,6,6,6
973,40,US,0,3,3,3,4,6,6,6
974,39,MY,-2,5,4,4,6,7,7,7
975,30,US,2,3,2,2,4,5,5,5
976,19,US,-2,5,4,4,6,7,7,7
977,49,MY,0,3,4,3,4,5,5,5
978,29,AU,1,2,3,3,4,5,5,5
979,48,MY,-2,4,4,4,5,6,6,6
980,23,AU,-2,5,5,5,7,7,7,7
981,36,UK,-1,3,4,4,5,6,6,6
982,47,UK,-2,5,5,5,7,7,7,7
983,52,US,-2,5,5,5,6,7,7,7
984,51,MY,-1,4,4,4,5,6,6,6
985,49,UK,-1,4,4,4,6,7,7,7
986,36,UK,-1,5,4,4,7,7,7,7
987,51,UK,-1,5,5,4,6,7,7,7
988,46,AU,1,3,3,2,3,5,5,5
989,55,AU,1,2,2,2,3,5,5,5
990,34,AU,1,4,3,4,5,6,6,6
991,39,AU,1,2,1,2,2,3,3,3
992,38,UK,1,3,3,4,5,6,6,6
993,21,US,-2,5,5,5,7,7,7,7
994,46,MY,-2,4,4,4,5,6,6,6
995,34,UK,1,2,1,2,3,4,4,4
996,19,MY,2,2,2,3,3,4,4,4
997,40,US,-1,3,3,4,5,6,6,6
998,24,US,2,1,1,1,2,3,3,3
999,49,US,2,1,1,1,2,3,3,3
1000,45,UK,2,2,2,3,3,5,5,5
1001,44,AU,-2,4,4,4,6,7,7,7
1002,49,UK,-1,3,3,4,5,6,6,6
1003,38,UK,2,2,1,1,2,4,4,4
1004,49,US,-1,3,3,3,4,5,5,5
1005,28,MY,-1,5,5,5,7,7,7,7
1006,55,AU,0,2,2,2,3,4,4,4
1007,20,UK,-2,4,4,4,5,6,6,6
1008,25,US,1,2,2,2,3,4,4,4
1009,20,US,-1,3,3,3,4,5,5,5
1010,47,UK,2,1,1,2,2,3,3,3
1011,33,US,-2,4,4,4,6,7,7,7
1012,18,SG,0,2,3,3,4,5,5,5
1013,21,UK,-2,4,5,4,6,7,7,7
1014,26,SG,1,2,2,2,3,4,4,4
1015,49,AU,2,3,3,3,3,5,5,5
1016,43,MY,0,3,3,2,4,5,5,5
1017,49,MY,2,1,1,1,1,3,3,3
1018,49,US,-1,4,4,3,5,6,6,6
1019,45,US,0,2,3,3,4,5,5,5
1020,24,US,1,4,3,4,5,6,6,6
1021,20,AU,1,1,1,1,1,3,3,3
1022,50,AU,1,3,3,3,4,6,6,6
1023,51,UK,1,3,3,3,4,5,5,5
1024,24,UK,1,3,3,3,5,5,5,5
1025,39,AU,0,3,3,3,4,6,6,6
1026,29,MY,-2,4,4,4,6,6,6,6
1027,36,MY,1,4,3,3,5,5,5,5
1028,46,AU,2,2,1,1,2,4,4,4
1029,21,UK,2,3,2,3,4,5,5,5
1030,35,UK,1,2,2,3,4,4,4,4
1031,27,AU,-1,5,4,5,6,7,7,7
1032,48,MY,-1,3,3,3,4,6,6,6
1033,56,MY,1,2,2,2,2,4,4,4
1034,56,SG,0,4,4,3,5,6,6,6
1035,20,MY,-2,4,4,4,6,7,7,7
1036,30,AU,1,3,3,4,5,6,6,6
1037,54,UK,-1,4,4,4,7,7,7,7
1038,23,UK,-2,4,5,5,7,7,7,7
1039,41,UK,-1,4,3,4,6,6,6,6
1040,26,SG,1,4,3,3,5,6,6,6
1041,47,MY,-1,3,3,3,4,5,5,5
1042,40,US,-1,5,4,4,7,7,7,7
1043,25,SG,-1,5,5,4,7,7,7,7
1044,20,UK,1,2,2,3,3,4,4,4
1045,43,AU,1,2,2,3,4,5,5,5
1046,57,US,2,2,2,1,2,4,4,4
1047,46,US,1,1,2,1,1,3,3,3
1048,30,MY,0,2,3,2,4,5,5,5
1049,34,UK,1,3,2,3,3,4,4,4
1050,22,MY,2,2,2,3,3,5,5,5
1051,31,US,-2,4,4,4,6,6,6,6
1052,52,UK,-2,4,4,4,6,7,7,7
1053,54,SG,1,1,1,1,2,3,3,3
1054,18,MY,2,1,2,2,3,4,4,4
1055,50,SG,-2,5,5,5,6,7,7,7
1056,31,AU,-2,5,5,5,6,7,7,7
1057,27,MY,2,2,2,1,2,3,3,3
1058,57,US,-1,3,3,3,4,5,5,5
1059,28,UK,2,1,1,1,1,3,3,3
1060,21,SG,1,2,1,1,2,4,4,4
1061,34,AU,-1,3,4,4,5,6,6,6
1062,32,MY,2,2,1,1,2,4,4,4
1063,52,MY,-1,4,5,4,6,7,7,7
1064,53,AU,2,1,1,2,2,3,3,3
1065,32,SG,0,3,2,3,4,5,5,5
1066,34,US,-1,4,5,5,7,7,7,7
1067,19,MY,2,2,3,3,4,5,5,5
1068,18,US,2,3,2,3,4,5,5,5
1069,42,SG,0,2,2,2,3,5,5,5
1070,37,UK,-1,4,4,4,5,6,6,6
1071,47,UK,0,2,2,2,3,5,5,5
1072,31,SG,2,2,1,2,2,3,3,3
1073,31,SG,-1,3,3,3,5,6,6,6
1074,42,US,-1,5,5,5,7,7,7,7
1075,40,US,0,3,3,4,4,6,6,6
1076,40,SG,-2,4,4,5,7,7,7,7
1077,31,UK,1,2,2,2,3,4,4,4
1078,49,AU,2,3,2,2,3,4,4,4
1079,39,AU,1,3,3,4,5,6,6,6
1080,25,MY,1,2,3,2,3,4,4,4
1081,42,AU,0,3,3,3,5,5,5,5
1082,20,SG,1,3,3,3,4,5,5,5
1083,43,MY,-1,3,3,3,5,5,5,5
1084,21,AU,1,2,2,2,3,4,4,4
1085,54,AU,1,3,4,4,5,6,6,6
1086,22,UK,0,3,3,3,4,5,5,5
1087,32,UK,1,3,2,3,3,5,5,5
1088,47,MY,2,1,1,2,2,4,4,4
1089,40,SG,-1,4,4,4,5,7,7,7
1090,38,SG,0,3,3,3,5,5,5,5
1091,34,US,1,1,1,2,2,4,4,4
1092,56,UK,1,2,2,2,2,4,4,4
1093,26,UK,-2,4,5,5,6,7,7,7
1094,56,UK,2,2,2,3,4,4,4,4
1095,38,US,-1,3,3,4,5,6,6,6
1096,31,SG,-2,5,5,5,7,7,7,7
1097,20,MY,-1,4,4,5,6,6,6,6
1098,36,UK,-2,5,4,4,6,6,6,6
1099,25,AU,-2,5,5,5,6,7,7,7
1100,26,AU,-2,4,4,4,6,6,6,6
1101,55,MY,-1,4,4,4,6,6,6,6
1102,40,AU,0,3,3,3,4,5,5,5
1103,56,MY,-1,4,4,4,5,6,6,6
1104,53,SG,2,1,1,1,1,3,3,3
1105,23,MY,1,2,2,2,3,4,4,4
1106,23,US,-2,4,4,4,6,7,7,7
1107,42,UK,2,2,3,2,3,5,5,5
1108,40,US,1,1,1,2,2,4,4,4
1109,45,SG,1,3,3,3,4,5,5,5
1110,54,AU,-2,5,5,5,7,7,7,7
1111,18,UK,-2,5,5,5,7,7,7,7
1112,49,MY,-2,4,4,4,5,6,6,6
1113,38,US,-1,4,4,4,5,7,7,7
1114,20,MY,2,2,2,2,3,5,5,5
1115,41,UK,0,3,3,4,6,6,6,6
1116,25,US,-2,4,5,4,5,7,7,7
1117,51,MY,0,3,3,4,5,6,6,6
1118,48,US,1,3,3,3,4,5,5,5
1119,44,AU,2,2,1,2,2,3,3,3
1120,21,AU,1,3,2,2,4,5,5,5
1121,28,AU,-1,3,4,3,5,5,5,5
1122,34,US,0,3,3,3,4,5,5,5
1123,30,UK,-1,3,4,3,5,6,6,6
1124,22,US,2,2,1,1,1,3,3,3
1125,18,US,1,2,2,2,3,5,5,5
1126,44,UK,2,2,2,2,2,4,4,4
1127,22,MY,0,3,2,2,3,5,5,5
1128,30,US,-1,4,3,3,5,6,6,6
1129,52,AU,0,2,2,2,3,4,4,4
1130,56,AU,-1,4,4,4,6,6,6,6
1131,52,SG,1,3,3,2,3,5,5,5
1132,28,US,-2,5,5,5,6,7,7,7
1133,18,SG,-2,4,5,4,6,6,6,6
1134,27,AU,-1,4,3,3,5,5,5,5
1135,21,SG,0,2,2,2,3,4,4,4
1136,18,MY,1,3,3,4,4,5,5,5
1137,42,AU,-2,4,4,4,6,7,7,7
1138,54,MY,-2,5,5,4,7,7,7,7
1139,35,US,2,3,2,2,4,4,4,4
1140,52,MY,2,1,1,1,1,3,3,3
1141,34,SG,1,3,2,2,3,4,4,4
1142,24,UK,1,3,4,4,4,6,6,6
1143,32,US,0,4,4,3,5,6,6,6
1144,27,UK,-1,5,4,5,6,7,7,7
1145,41,MY,-1,4,4,4,6,6,6,6
1146,53,SG,-1,5,5,5,7,7,7,7
1147,41,US,1,3,3,3,4,5,5,5
1148,38,US,-1,5,5,5,7,7,7,7
1149,32,SG,1,1,1,1,1,3,3,3
1150,42,US,1,1,2,1,2,4,4,4
1151,34,SG,-1,4,4,4,5,6,6,6
1152,50,SG,1,3,2,3,4,5,5,5
1153,40,UK,-1,3,3,3,5,5,5,5
1154,37,AU,2,1,2,1,2,3,3,3
1155,39,MY,2,2,1,2,3,4,4,4
1156,47,SG,2,1,1,1,2,3,3,3
1157,31,MY,-1,3,3,3,4,5,5,5
1158,55,MY,0,3,3,3,5,6,6,6
1159,29,SG,2,2,1,1,2,3,3,3
1160,24,AU,-2,4,5,5,6,7,7,7
1161,24,MY,-1,5,5,5,7,7,7,7
1162,34,MY,0,4,4,3,5,6,6,6
1163,30,AU,0,3,3,3,5,6,6,6
1164,33,MY,2,1,1,1,1,3,3,3
1165,56,SG,1,3,2,2,4,4,4,4
1166,28,UK,-1,4,5,4,6,6,6,6
1167,22,AU,-1,3,3,4,4,5,5,5
1168,19,AU,1,3,2,2,3,4,4,4
1169,45,MY,-2,5,5,5,7,7,7,7
1170,51,SG,-1,4,4,4,6,6,6,6
1171,44,UK,1,1,1,1,2,3,3,3
1172,21,AU,0,3,4,4,4,6,6,6
1173,22,AU,-1,4,4,4,5,6,6,6
1174,55,UK,-2,4,5,5,6,7,7,7
1175,56,MY,-1,5,5,5,7,7,7,7
1176,32,SG,-1,4,4,3,5,6,6,6
1177,19,AU,-2,4,4,4,5,6,6,6
1178,49,SG,2,2,2,2,3,4,4,4
1179,41,AU,1,1,1,1,2,3,3,3
1180,35,SG,-2,4,4,4,6,7,7,7
1181,52,SG,-2,5,4,4,6,7,7,7
1182,37,AU,1,2,3,2,3,5,5,5
1183,44,US,1,3,3,2,3,5,5,5
1184,33,AU,-2,5,5,4,6,7,7,7
1185,52,AU,-2,4,4,4,6,6,6,6
1186,44,AU,1,3,2,2,4,5,5,5
1187,50,AU,0,3,4,3,5,6,6,6
1188,46,MY,-1,3,3,3,4,5,5,5
1189,49,UK,1,2,2,2,4,5,5,5
1190,35,US,-2,5,4,5,7,7,7,7
1191,43,AU,1,2,2,3,3,4,4,4
1192,40,US,0,3,4,3,5,6,6,6
1193,19,UK,1,2,2,3,3,5,5,5
1194,57,UK,-1,4,4,4,6,6,6,6
1195,53,US,-2,5,5,5,7,7,7,7
1196,54,SG,-1,3,4,3,5,6,6,6
1197,25,US,0,3,3,3,5,6,6,6
1198,32,SG,2,1,1,2,2,4,4,4
1199,50,MY,1,2,2,2,3,4,4,4
1200,24,SG,2,3,3,2,4,5,5,5